Zip,Multiple Counties,County,Rate
43001,,Licking,0.0725
43002,,Franklin,0.08
43003,*,Delaware,0.07
43003,*,Morrow,0.0725
43004,*,Franklin,0.08
43004,*,Licking,0.0725
43005,,Knox,0.0725
43006,*,Coshocton,0.0775
43006,*,Holmes,0.07
43006,*,Knox,0.0725
43007,,Union,0.07
43008,,Licking,0.0725
43009,,Champaign,0.0725
43010,,Clark,0.0725
43011,*,Delaware,0.07
43011,*,Knox,0.0725
43011,*,Licking,0.0725
43011,*,Morrow,0.0725
43013,*,Delaware,0.07
43013,*,Licking,0.0725
43014,*,Coshocton,0.0775
43014,*,Knox,0.0725
43015,*,Delaware,0.07
43015,*,Union,0.07
43016,*,Delaware,0.07
43016,*,Franklin,0.08
43016,*,Union,0.07
43016,*,Union (COTA),0.08
43017,*,Delaware,0.07
43017,*,Delaware (COTA),0.08
43017,*,Franklin,0.08
43017,*,Union,0.07
43017,*,Union (COTA),0.08
43018,,Licking,0.0725
43019,*,Knox,0.0725
43019,*,Morrow,0.0725
43019,*,Richland,0.07
43021,,Delaware,0.07
43022,,Knox,0.0725
43023,,Licking,0.0725
43025,*,Fairfield,0.0675
43025,*,Licking,0.0725
43026,*,Franklin,0.08
43026,*,Madison,0.07
43027,,Licking,0.0725
43028,*,Coshocton,0.0775
43028,*,Knox,0.0725
43029,*,Madison,0.07
43029,*,Union,0.07
43030,,Licking,0.0725
43031,*,Delaware,0.07
43031,*,Licking,0.0725
43033,,Licking,0.0725
43035,*,Delaware,0.07
43035,*,Delaware (COTA),0.08
43036,,Union,0.07
43037,,Knox,0.0725
43040,*,Delaware,0.07
43040,*,Union,0.07
43044,*,Champaign,0.0725
43044,*,Clark,0.0725
43044,*,Madison,0.07
43045,*,Champaign,0.0725
43045,*,Union,0.07
43046,*,Fairfield,0.0675
43046,*,Licking,0.0725
43047,,Champaign,0.0725
43048,,Knox,0.0725
43050,*,Knox,0.0725
43050,*,Licking,0.0725
43050,*,Morrow,0.0725
43054,*,Delaware,0.07
43054,*,Franklin,0.08
43054,*,Licking,0.0725
43055,,Licking,0.0725
43056,*,Licking,0.0725
43056,*,Muskingum,0.0725
43058,,Licking,0.0725
43060,*,Champaign,0.0725
43060,*,Logan,0.0725
43060,*,Union,0.07
43061,*,Delaware,0.07
43061,*,Union,0.07
43062,*,Fairfield,0.0675
43062,*,Franklin,0.08
43062,*,Licking,0.0725
43064,*,Delaware,0.07
43064,*,Franklin,0.08
43064,*,Madison,0.07
43064,*,Union,0.07
43064,*,Union (COTA),0.08
43065,*,Delaware,0.07
43065,*,Delaware (COTA),0.08
43065,*,Franklin,0.08
43066,,Delaware,0.07
43067,,Union,0.07
43068,*,Fairfield,0.0675
43068,*,Fairfield (COTA),0.0775
43068,*,Franklin,0.08
43068,*,Licking,0.0725
43068,*,Licking (COTA),0.0825
43070,,Champaign,0.0725
43071,*,Knox,0.0725
43071,*,Licking,0.0725
43072,*,Champaign,0.0725
43072,*,Miami,0.07
43073,,Licking,0.0725
43074,*,Delaware,0.07
43074,*,Licking,0.0725
43076,*,Fairfield,0.0675
43076,*,Licking,0.0725
43076,*,Perry,0.0725
43077,,Union,0.07
43078,*,Champaign,0.0725
43078,*,Clark,0.0725
43080,*,Knox,0.0725
43080,*,Licking,0.0725
43081,*,Delaware,0.07
43081,*,Delaware (COTA),0.08
43081,*,Franklin,0.08
43082,*,Delaware,0.07
43082,*,Delaware (COTA),0.08
43082,*,Franklin,0.08
43083,,Champaign,0.0725
43084,*,Champaign,0.0725
43084,*,Union,0.07
43085,,Franklin,0.08
43086,*,Delaware (COTA),0.08
43086,*,Franklin,0.08
43101,*,Pickaway,0.0725
43101,*,Ross,0.0725
43102,*,Fairfield,0.0675
43102,*,Hocking,0.0725
43102,*,Pickaway,0.0725
43103,*,Fairfield,0.0675
43103,*,Pickaway,0.0725
43105,*,Fairfield,0.0675
43105,*,Licking,0.0725
43106,,Fayette,0.0725
43107,*,Fairfield,0.0675
43107,*,Hocking,0.0725
43107,*,Perry,0.0725
43109,,Franklin,0.08
43110,*,Fairfield,0.0675
43110,*,Fairfield (COTA),0.0775
43110,*,Franklin,0.08
43110,*,Pickaway,0.0725
43111,,Hocking,0.0725
43112,,Fairfield,0.0675
43113,*,Fairfield,0.0675
43113,*,Pickaway,0.0725
43115,*,Pickaway,0.0725
43115,*,Ross,0.0725
43116,,Pickaway,0.0725
43117,,Pickaway,0.0725
43119,*,Franklin,0.08
43119,*,Madison,0.07
43123,*,Franklin,0.08
43123,*,Madison,0.07
43125,*,Franklin,0.08
43125,*,Pickaway,0.0725
43126,*,Franklin,0.08
43126,*,Pickaway,0.0725
43127,,Hocking,0.0725
43128,*,Fayette,0.0725
43128,*,Greene,0.0675
43130,*,Fairfield,0.0675
43130,*,Hocking,0.0725
43135,*,Hocking,0.0725
43135,*,Pickaway,0.0725
43135,*,Ross,0.0725
43135,*,Vinton,0.0725
43136,,Fairfield,0.0675
43137,*,Franklin,0.08
43137,*,Pickaway,0.0725
43138,*,Hocking,0.0725
43138,*,Perry,0.0725
43138,*,Vinton,0.0725
43140,*,Clark,0.0725
43140,*,Franklin,0.08
43140,*,Madison,0.07
43142,,Fayette,0.0725
43143,*,Fayette,0.0725
43143,*,Madison,0.07
43143,*,Pickaway,0.0725
43144,*,Athens,0.0725
43144,*,Hocking,0.0725
43145,*,Fayette,0.0725
43145,*,Pickaway,0.0725
43146,*,Franklin,0.08
43146,*,Madison,0.07
43146,*,Pickaway,0.0725
43147,*,Fairfield,0.0675
43147,*,Fairfield (COTA),0.0775
43147,*,Franklin,0.08
43147,*,Licking,0.0725
43148,*,Fairfield,0.0675
43148,*,Perry,0.0725
43149,,Hocking,0.0725
43150,*,Fairfield,0.0675
43150,*,Perry,0.0725
43151,,Madison,0.07
43152,*,Hocking,0.0725
43152,*,Vinton,0.0725
43153,*,Clark,0.0725
43153,*,Fayette,0.0725
43153,*,Greene,0.0675
43153,*,Madison,0.07
43154,*,Fairfield,0.0675
43154,*,Pickaway,0.0725
43155,*,Fairfield,0.0675
43155,*,Hocking,0.0725
43156,*,Fairfield,0.0675
43156,*,Pickaway,0.0725
43157,,Fairfield,0.0675
43158,,Hocking,0.0725
43160,*,Clinton,0.0725
43160,*,Fayette,0.0725
43160,*,Ross,0.0725
43162,,Madison,0.07
43164,*,Pickaway,0.0725
43164,*,Ross,0.0725
43194,,Franklin,0.08
43195,,Franklin,0.08
43201,,Franklin,0.08
43202,,Franklin,0.08
43203,,Franklin,0.08
43204,,Franklin,0.08
43205,,Franklin,0.08
43206,,Franklin,0.08
43207,,Franklin,0.08
43209,,Franklin,0.08
43210,,Franklin,0.08
43211,,Franklin,0.08
43212,,Franklin,0.08
43213,,Franklin,0.08
43214,,Franklin,0.08
43215,,Franklin,0.08
43216,,Franklin,0.08
43217,*,Franklin,0.08
43217,*,Pickaway,0.0725
43218,,Franklin,0.08
43219,,Franklin,0.08
43220,,Franklin,0.08
43221,,Franklin,0.08
43222,,Franklin,0.08
43223,,Franklin,0.08
43224,,Franklin,0.08
43226,,Franklin,0.08
43227,,Franklin,0.08
43228,,Franklin,0.08
43229,,Franklin,0.08
43230,,Franklin,0.08
43231,,Franklin,0.08
43232,,Franklin,0.08
43234,,Franklin,0.08
43235,*,Delaware,0.07
43235,*,Delaware (COTA),0.08
43235,*,Franklin,0.08
43236,,Franklin,0.08
43240,*,Delaware,0.07
43240,*,Delaware (COTA),0.08
43251,,Franklin,0.08
43260,,Franklin,0.08
43268,,Franklin,0.08
43270,,Franklin,0.08
43271,,Franklin,0.08
43272,,Franklin,0.08
43279,,Franklin,0.08
43287,,Franklin,0.08
43291,,Franklin,0.08
43301,,Marion,0.0725
43302,*,Crawford,0.0725
43302,*,Marion,0.0725
43302,*,Union,0.07
43310,*,Allen,0.0685
43310,*,Hardin,0.0725
43310,*,Logan,0.0725
43311,,Logan,0.0725
43314,*,Crawford,0.0725
43314,*,Marion,0.0725
43314,*,Morrow,0.0725
43315,*,Marion,0.0725
43315,*,Morrow,0.0725
43316,*,Hancock,0.0675
43316,*,Seneca,0.0725
43316,*,Wyandot,0.0725
43317,,Morrow,0.0725
43318,*,Champaign,0.0725
43318,*,Logan,0.0725
43319,*,Logan,0.0725
43319,*,Union,0.07
43320,,Morrow,0.0725
43321,,Morrow,0.0725
43322,,Marion,0.0725
43323,*,Marion,0.0725
43323,*,Wyandot,0.0725
43324,,Logan,0.0725
43325,,Morrow,0.0725
43326,*,Hardin,0.0725
43326,*,Marion,0.0725
43330,,Wyandot,0.0725
43331,*,Auglaize,0.0725
43331,*,Hardin,0.0725
43331,*,Logan,0.0725
43332,*,Hardin,0.0725
43332,*,Marion,0.0725
43332,*,Wyandot,0.0725
43333,,Logan,0.0725
43334,*,Delaware,0.07
43334,*,Morrow,0.0725
43336,,Logan,0.0725
43337,*,Marion,0.0725
43337,*,Wyandot,0.0725
43338,,Morrow,0.0725
43340,*,Hardin,0.0725
43340,*,Union,0.07
43341,,Marion,0.0725
43342,*,Delaware,0.07
43342,*,Marion,0.0725
43342,*,Union,0.07
43343,*,Champaign,0.0725
43343,*,Logan,0.0725
43343,*,Shelby,0.0725
43344,*,Delaware,0.07
43344,*,Marion,0.0725
43344,*,Union,0.07
43345,*,Hardin,0.0725
43345,*,Logan,0.0725
43345,*,Union,0.07
43346,,Hardin,0.0725
43347,*,Hardin,0.0725
43347,*,Logan,0.0725
43348,,Logan,0.0725
43349,,Morrow,0.0725
43350,,Morrow,0.0725
43351,,Wyandot,0.0725
43356,*,Delaware,0.07
43356,*,Marion,0.0725
43356,*,Morrow,0.0725
43357,*,Champaign,0.0725
43357,*,Logan,0.0725
43358,*,Logan,0.0725
43358,*,Union,0.07
43359,,Wyandot,0.0725
43360,,Logan,0.0725
43402,,Wood,0.0675
43403,,Wood,0.0675
43406,*,Sandusky,0.0725
43406,*,Wood,0.0675
43407,,Sandusky,0.0725
43408,,Ottawa,0.07
43410,*,Sandusky,0.0725
43410,*,Seneca,0.0725
43412,*,Lucas,0.0775
43412,*,Ottawa,0.07
43413,,Wood,0.0675
43414,,Wood,0.0675
43416,*,Ottawa,0.07
43416,*,Sandusky,0.0725
43420,*,Ottawa,0.07
43420,*,Sandusky,0.0725
43430,*,Ottawa,0.07
43430,*,Sandusky,0.0725
43430,*,Wood,0.0675
43431,*,Sandusky,0.0725
43431,*,Wood,0.0675
43432,,Ottawa,0.07
43433,,Ottawa,0.07
43434,,Lucas,0.0775
43435,,Sandusky,0.0725
43436,,Ottawa,0.07
43437,,Wood,0.0675
43438,,Erie,0.0675
43439,,Ottawa,0.07
43440,,Ottawa,0.07
43441,,Wood,0.0675
43442,*,Ottawa,0.07
43442,*,Sandusky,0.0725
43443,*,Sandusky,0.0725
43443,*,Wood,0.0675
43445,*,Lucas,0.0775
43445,*,Ottawa,0.07
43446,,Ottawa,0.07
43447,*,Ottawa,0.07
43447,*,Wood,0.0675
43449,*,Ottawa,0.07
43449,*,Sandusky,0.0725
43450,*,Sandusky,0.0725
43450,*,Wood,0.0675
43451,,Wood,0.0675
43452,,Ottawa,0.07
43456,,Ottawa,0.07
43457,*,Sandusky,0.0725
43457,*,Seneca,0.0725
43457,*,Wood,0.0675
43458,,Ottawa,0.07
43460,*,Lucas,0.0775
43460,*,Wood,0.0675
43460,*,Wood (TARTA),0.0725
43462,,Wood,0.0675
43463,,Wood,0.0675
43464,*,Erie,0.0675
43464,*,Sandusky,0.0725
43465,,Wood,0.0675
43466,,Wood,0.0675
43467,,Wood,0.0675
43468,,Ottawa,0.07
43469,*,Ottawa,0.07
43469,*,Sandusky,0.0725
43469,*,Wood,0.0675
43501,,Williams,0.0725
43502,*,Fulton,0.0725
43502,*,Henry,0.0725
43502,*,Williams,0.0725
43504,*,Fulton,0.0725
43504,*,Lucas,0.0775
43505,,Williams,0.0725
43506,*,Defiance,0.0675
43506,*,Williams,0.0725
43510,,Henry,0.0725
43511,*,Henry,0.0725
43511,*,Wood,0.0675
43512,*,Defiance,0.0675
43512,*,Henry,0.0725
43512,*,Paulding,0.0725
43512,*,Williams,0.0725
43515,*,Fulton,0.0725
43515,*,Henry,0.0725
43516,*,Hancock,0.0675
43516,*,Henry,0.0725
43516,*,Putnam,0.07
43516,*,Wood,0.0675
43517,*,Defiance,0.0675
43517,*,Williams,0.0725
43518,,Williams,0.0725
43519,,Defiance,0.0675
43520,,Defiance,0.0675
43521,*,Fulton,0.0725
43521,*,Williams,0.0725
43522,*,Henry,0.0725
43522,*,Lucas,0.0775
43522,*,Wood,0.0675
43523,,Henry,0.0725
43524,,Henry,0.0725
43525,,Wood,0.0675
43526,*,Defiance,0.0675
43526,*,Paulding,0.0725
43527,*,Defiance,0.0675
43527,*,Henry,0.0725
43528,,Lucas,0.0775
43529,,Wood,0.0675
43530,,Defiance,0.0675
43531,,Williams,0.0725
43532,*,Fulton,0.0725
43532,*,Henry,0.0725
43532,*,Lucas,0.0775
43533,,Fulton,0.0725
43534,*,Henry,0.0725
43534,*,Wood,0.0675
43535,,Henry,0.0725
43536,,Defiance,0.0675
43537,,Lucas,0.0775
43540,,Fulton,0.0725
43541,,Wood,0.0675
43542,,Lucas,0.0775
43543,,Williams,0.0725
43545,*,Defiance,0.0675
43545,*,Fulton,0.0725
43545,*,Henry,0.0725
43547,,Lucas,0.0775
43548,*,Defiance,0.0675
43548,*,Henry,0.0725
43548,*,Putnam,0.07
43549,,Defiance,0.0675
43551,*,Wood,0.0675
43551,*,Wood (TARTA),0.0725
43552,,Wood,0.0675
43553,,Fulton,0.0725
43554,,Williams,0.0725
43555,,Henry,0.0725
43556,*,Defiance,0.0675
43556,*,Paulding,0.0725
43557,*,Fulton,0.0725
43557,*,Henry,0.0725
43557,*,Williams,0.0725
43558,*,Fulton,0.0725
43558,*,Lucas,0.0775
43560,,Lucas,0.0775
43565,,Wood,0.0675
43566,,Lucas,0.0775
43567,*,Fulton,0.0725
43567,*,Henry,0.0725
43569,,Wood,0.0675
43570,*,Fulton,0.0725
43570,*,Williams,0.0725
43571,,Lucas,0.0775
43601,,Lucas,0.0775
43603,,Lucas,0.0775
43604,,Lucas,0.0775
43605,*,Lucas,0.0775
43605,*,Wood,0.0675
43606,,Lucas,0.0775
43607,,Lucas,0.0775
43608,,Lucas,0.0775
43609,,Lucas,0.0775
43610,,Lucas,0.0775
43611,,Lucas,0.0775
43612,,Lucas,0.0775
43613,,Lucas,0.0775
43614,,Lucas,0.0775
43615,,Lucas,0.0775
43616,*,Lucas,0.0775
43616,*,Wood,0.0675
43617,,Lucas,0.0775
43619,*,Lucas,0.0775
43619,*,Wood,0.0675
43619,*,Wood (TARTA),0.0725
43620,,Lucas,0.0775
43623,,Lucas,0.0775
43635,,Lucas,0.0775
43652,,Lucas,0.0775
43654,,Lucas,0.0775
43657,,Lucas,0.0775
43659,,Lucas,0.0775
43660,,Lucas,0.0775
43667,,Lucas,0.0775
43681,,Lucas,0.0775
43682,,Lucas,0.0775
43697,,Lucas,0.0775
43699,,Lucas,0.0775
43701,,Muskingum,0.0725
43702,,Muskingum,0.0725
43711,,Noble,0.0725
43713,,Belmont,0.0725
43716,*,Belmont,0.0725
43716,*,Monroe,0.0725
43717,,Noble,0.0725
43718,,Belmont,0.0725
43719,,Belmont,0.0725
43720,*,Morgan,0.0725
43720,*,Muskingum,0.0725
43721,,Licking,0.0725
43722,,Guernsey,0.0725
43723,,Guernsey,0.0725
43724,*,Guernsey,0.0725
43724,*,Morgan,0.0725
43724,*,Noble,0.0725
43725,,Guernsey,0.0725
43727,,Muskingum,0.0725
43728,*,Athens,0.0725
43728,*,Morgan,0.0725
43730,*,Morgan,0.0725
43730,*,Perry,0.0725
43731,*,Morgan,0.0725
43731,*,Perry,0.0725
43732,*,Guernsey,0.0725
43732,*,Muskingum,0.0725
43732,*,Noble,0.0725
43733,,Guernsey,0.0725
43734,,Muskingum,0.0725
43735,,Muskingum,0.0725
43736,,Guernsey,0.0725
43738,,Muskingum,0.0725
43739,*,Licking,0.0725
43739,*,Perry,0.0725
43740,*,Licking,0.0725
43740,*,Muskingum,0.0725
43746,*,Licking,0.0725
43746,*,Muskingum,0.0725
43747,*,Belmont,0.0725
43747,*,Monroe,0.0725
43748,,Perry,0.0725
43749,*,Coshocton,0.0775
43749,*,Guernsey,0.0725
43749,*,Tuscarawas,0.0675
43750,,Guernsey,0.0725
43752,,Monroe,0.0725
43754,,Monroe,0.0725
43755,,Guernsey,0.0725
43756,*,Morgan,0.0725
43756,*,Muskingum,0.0725
43757,,Monroe,0.0725
43758,*,Morgan,0.0725
43758,*,Perry,0.0725
43759,,Belmont,0.0725
43760,*,Licking,0.0725
43760,*,Muskingum,0.0725
43760,*,Perry,0.0725
43761,,Perry,0.0725
43762,*,Guernsey,0.0725
43762,*,Muskingum,0.0725
43764,,Perry,0.0725
43766,*,Hocking,0.0725
43766,*,Perry,0.0725
43767,,Muskingum,0.0725
43768,,Guernsey,0.0725
43771,,Muskingum,0.0725
43772,*,Guernsey,0.0725
43772,*,Noble,0.0725
43773,*,Belmont,0.0725
43773,*,Guernsey,0.0725
43773,*,Monroe,0.0725
43773,*,Noble,0.0725
43777,*,Morgan,0.0725
43777,*,Muskingum,0.0725
43777,*,Perry,0.0725
43778,*,Guernsey,0.0725
43778,*,Noble,0.0725
43779,,Noble,0.0725
43780,*,Guernsey,0.0725
43780,*,Noble,0.0725
43782,,Perry,0.0725
43783,,Perry,0.0725
43786,,Monroe,0.0725
43787,*,Morgan,0.0725
43787,*,Washington,0.0725
43788,*,Monroe,0.0725
43788,*,Noble,0.0725
43791,,Muskingum,0.0725
43793,,Monroe,0.0725
43802,,Muskingum,0.0725
43803,,Coshocton,0.0775
43804,*,Coshocton,0.0775
43804,*,Holmes,0.07
43804,*,Tuscarawas,0.0675
43805,,Coshocton,0.0775
43811,*,Coshocton,0.0775
43811,*,Muskingum,0.0725
43812,,Coshocton,0.0775
43821,*,Coshocton,0.0775
43821,*,Muskingum,0.0725
43822,*,Coshocton,0.0775
43822,*,Knox,0.0725
43822,*,Licking,0.0725
43822,*,Muskingum,0.0725
43824,*,Coshocton,0.0775
43824,*,Tuscarawas,0.0675
43828,,Coshocton,0.0775
43830,*,Licking,0.0725
43830,*,Muskingum,0.0725
43832,*,Coshocton,0.0775
43832,*,Guernsey,0.0725
43832,*,Tuscarawas,0.0675
43836,,Coshocton,0.0775
43837,*,Guernsey,0.0725
43837,*,Tuscarawas,0.0675
43840,*,Coshocton,0.0775
43840,*,Tuscarawas,0.0675
43842,,Muskingum,0.0725
43843,*,Coshocton,0.0775
43843,*,Knox,0.0725
43844,*,Coshocton,0.0775
43844,*,Knox,0.0725
43845,,Coshocton,0.0775
43901,*,Belmont,0.0725
43901,*,Harrison,0.0725
43901,*,Jefferson,0.0725
43902,,Belmont,0.0725
43903,*,Carroll,0.0675
43903,*,Jefferson,0.0725
43905,,Belmont,0.0725
43906,,Belmont,0.0725
43907,*,Harrison,0.0725
43907,*,Jefferson,0.0725
43908,*,Carroll,0.0675
43908,*,Jefferson,0.0725
43909,,Belmont,0.0725
43910,*,Harrison,0.0725
43910,*,Jefferson,0.0725
43912,,Belmont,0.0725
43913,,Jefferson,0.0725
43914,,Monroe,0.0725
43915,,Monroe,0.0725
43916,,Belmont,0.0725
43917,*,Belmont,0.0725
43917,*,Jefferson,0.0725
43920,,Columbiana,0.0725
43925,,Jefferson,0.0725
43926,,Jefferson,0.0725
43927,,Belmont,0.0725
43928,,Belmont,0.0725
43930,*,Columbiana,0.0725
43930,*,Jefferson,0.0725
43931,,Monroe,0.0725
43932,*,Columbiana,0.0725
43932,*,Jefferson,0.0725
43933,,Belmont,0.0725
43934,,Belmont,0.0725
43935,,Belmont,0.0725
43937,,Belmont,0.0725
43938,,Jefferson,0.0725
43939,,Jefferson,0.0725
43940,,Belmont,0.0725
43941,,Jefferson,0.0725
43942,*,Belmont,0.0725
43942,*,Monroe,0.0725
43943,*,Belmont,0.0725
43943,*,Jefferson,0.0725
43944,,Jefferson,0.0725
43945,*,Carroll,0.0675
43945,*,Columbiana,0.0725
43945,*,Jefferson,0.0725
43946,,Monroe,0.0725
43947,,Belmont,0.0725
43948,,Jefferson,0.0725
43950,*,Belmont,0.0725
43950,*,Harrison,0.0725
43951,,Belmont,0.0725
43952,,Jefferson,0.0725
43953,,Jefferson,0.0725
43961,,Jefferson,0.0725
43962,,Columbiana,0.0725
43963,,Jefferson,0.0725
43964,,Jefferson,0.0725
43967,,Belmont,0.0725
43968,,Columbiana,0.0725
43970,,Jefferson,0.0725
43971,*,Belmont,0.0725
43971,*,Jefferson,0.0725
43972,,Belmont,0.0725
43973,*,Belmont,0.0725
43973,*,Guernsey,0.0725
43973,*,Harrison,0.0725
43973,*,Tuscarawas,0.0675
43974,,Harrison,0.0725
43976,,Harrison,0.0725
43977,*,Belmont,0.0725
43977,*,Harrison,0.0725
43981,,Harrison,0.0725
43983,*,Belmont,0.0725
43983,*,Guernsey,0.0725
43983,*,Harrison,0.0725
43984,,Harrison,0.0725
43985,,Belmont,0.0725
43986,*,Carroll,0.0675
43986,*,Harrison,0.0725
43988,*,Carroll,0.0675
43988,*,Harrison,0.0725
44001,,Lorain,0.065
44003,,Ashtabula,0.0675
44004,,Ashtabula,0.0675
44005,,Ashtabula,0.0675
44010,,Ashtabula,0.0675
44011,,Lorain,0.065
44012,,Lorain,0.065
44017,,Cuyahoga,0.08
44021,,Geauga,0.0675
44022,*,Cuyahoga,0.08
44022,*,Geauga,0.0675
44023,*,Cuyahoga,0.08
44023,*,Geauga,0.0675
44024,*,Geauga,0.0675
44024,*,Lake,0.0725
44026,,Geauga,0.0675
44028,*,Lorain,0.065
44028,*,Medina,0.0675
44030,,Ashtabula,0.0675
44032,,Ashtabula,0.0675
44033,,Geauga,0.0675
44035,,Lorain,0.065
44036,,Lorain,0.065
44039,,Lorain,0.065
44040,*,Cuyahoga,0.08
44040,*,Geauga,0.0675
44041,*,Ashtabula,0.0675
44041,*,Lake,0.0725
44044,*,Lorain,0.065
44044,*,Medina,0.0675
44045,,Lake,0.0725
44046,*,Ashtabula,0.0675
44046,*,Geauga,0.0675
44047,,Ashtabula,0.0675
44048,,Ashtabula,0.0675
44049,,Lorain,0.065
44050,,Lorain,0.065
44052,,Lorain,0.065
44053,,Lorain,0.065
44054,,Lorain,0.065
44055,,Lorain,0.065
44056,,Summit,0.0675
44057,*,Ashtabula,0.0675
44057,*,Geauga,0.0675
44057,*,Lake,0.0725
44060,*,Geauga,0.0675
44060,*,Lake,0.0725
44061,,Lake,0.0725
44062,*,Ashtabula,0.0675
44062,*,Geauga,0.0675
44062,*,Trumbull,0.0675
44064,*,Ashtabula,0.0675
44064,*,Geauga,0.0675
44065,,Geauga,0.0675
44067,,Summit,0.0675
44068,,Ashtabula,0.0675
44070,,Cuyahoga,0.08
44072,,Geauga,0.0675
44073,,Geauga,0.0675
44074,,Lorain,0.065
44076,*,Ashtabula,0.0675
44076,*,Trumbull,0.0675
44077,*,Geauga,0.0675
44077,*,Lake,0.0725
44080,,Geauga,0.0675
44081,,Lake,0.0725
44082,,Ashtabula,0.0675
44084,,Ashtabula,0.0675
44085,,Ashtabula,0.0675
44086,*,Ashtabula,0.0675
44086,*,Geauga,0.0675
44086,*,Lake,0.0725
44087,,Summit,0.0675
44088,,Ashtabula,0.0675
44089,*,Erie,0.0675
44089,*,Lorain,0.065
44090,*,Lorain,0.065
44090,*,Medina,0.0675
44092,*,Cuyahoga,0.08
44092,*,Lake,0.0725
44093,*,Ashtabula,0.0675
44093,*,Trumbull,0.0675
44094,*,Geauga,0.0675
44094,*,Lake,0.0725
44095,,Lake,0.0725
44096,,Lake,0.0725
44097,,Lake,0.0725
44099,*,Ashtabula,0.0675
44099,*,Geauga,0.0675
44101,,Cuyahoga,0.08
44102,,Cuyahoga,0.08
44103,,Cuyahoga,0.08
44104,,Cuyahoga,0.08
44105,,Cuyahoga,0.08
44106,,Cuyahoga,0.08
44107,,Cuyahoga,0.08
44108,,Cuyahoga,0.08
44109,,Cuyahoga,0.08
44110,,Cuyahoga,0.08
44111,,Cuyahoga,0.08
44112,,Cuyahoga,0.08
44113,,Cuyahoga,0.08
44114,,Cuyahoga,0.08
44115,,Cuyahoga,0.08
44116,,Cuyahoga,0.08
44117,,Cuyahoga,0.08
44118,,Cuyahoga,0.08
44119,,Cuyahoga,0.08
44120,,Cuyahoga,0.08
44121,,Cuyahoga,0.08
44122,,Cuyahoga,0.08
44123,,Cuyahoga,0.08
44124,,Cuyahoga,0.08
44125,,Cuyahoga,0.08
44126,,Cuyahoga,0.08
44127,,Cuyahoga,0.08
44128,,Cuyahoga,0.08
44129,,Cuyahoga,0.08
44130,,Cuyahoga,0.08
44131,,Cuyahoga,0.08
44132,,Cuyahoga,0.08
44133,,Cuyahoga,0.08
44134,,Cuyahoga,0.08
44135,,Cuyahoga,0.08
44136,,Cuyahoga,0.08
44137,,Cuyahoga,0.08
44138,,Cuyahoga,0.08
44139,,Cuyahoga,0.08
44140,,Cuyahoga,0.08
44141,*,Cuyahoga,0.08
44141,*,Summit,0.0675
44142,,Cuyahoga,0.08
44143,,Cuyahoga,0.08
44144,,Cuyahoga,0.08
44145,*,Cuyahoga,0.08
44145,*,Lorain,0.065
44145,*,Summit,0.0675
44146,*,Cuyahoga,0.08
44146,*,Summit,0.0675
44147,,Cuyahoga,0.08
44149,*,Cuyahoga,0.08
44149,*,Medina,0.0675
44181,,Cuyahoga,0.08
44188,,Cuyahoga,0.08
44190,,Cuyahoga,0.08
44191,,Cuyahoga,0.08
44192,,Cuyahoga,0.08
44193,,Cuyahoga,0.08
44194,,Cuyahoga,0.08
44195,,Cuyahoga,0.08
44198,,Cuyahoga,0.08
44199,,Cuyahoga,0.08
44201,*,Portage,0.07
44201,*,Stark,0.065
44202,*,Cuyahoga,0.08
44202,*,Geauga,0.0675
44202,*,Portage,0.07
44202,*,Summit,0.0675
44203,*,Medina,0.0675
44203,*,Summit,0.0675
44203,*,Wayne,0.065
44210,,Summit,0.0675
44211,,Portage,0.07
44212,,Medina,0.0675
44214,*,Medina,0.0675
44214,*,Wayne,0.065
44215,,Medina,0.0675
44216,*,Stark,0.065
44216,*,Summit,0.0675
44216,*,Wayne,0.065
44217,*,Medina,0.0675
44217,*,Wayne,0.065
44221,,Summit,0.0675
44222,,Summit,0.0675
44223,,Summit,0.0675
44224,*,Portage,0.07
44224,*,Summit,0.0675
44230,*,Medina,0.0675
44230,*,Summit,0.0675
44230,*,Wayne,0.065
44231,*,Geauga,0.0675
44231,*,Portage,0.07
44232,,Summit,0.0675
44233,*,Cuyahoga,0.08
44233,*,Medina,0.0675
44234,*,Geauga,0.0675
44234,*,Portage,0.07
44235,*,Ashland,0.07
44235,*,Medina,0.0675
44236,*,Portage,0.07
44236,*,Summit,0.0675
44237,,Summit,0.0675
44240,*,Portage,0.07
44240,*,Summit,0.0675
44241,*,Portage,0.07
44241,*,Summit,0.0675
44242,,Portage,0.07
44243,,Portage,0.07
44250,,Summit,0.0675
44251,,Medina,0.0675
44253,*,Lorain,0.065
44253,*,Medina,0.0675
44254,,Medina,0.0675
44255,*,Geauga,0.0675
44255,*,Portage,0.07
44256,*,Lorain,0.065
44256,*,Medina,0.0675
44256,*,Summit,0.0675
44258,,Medina,0.0675
44260,*,Portage,0.07
44260,*,Stark,0.065
44260,*,Summit,0.0675
44262,,Summit,0.0675
44264,,Summit,0.0675
44265,,Portage,0.07
44266,,Portage,0.07
44270,*,Medina,0.0675
44270,*,Wayne,0.065
44272,,Portage,0.07
44273,*,Medina,0.0675
44273,*,Wayne,0.065
44274,,Medina,0.0675
44275,*,Lorain,0.065
44275,*,Medina,0.0675
44276,,Wayne,0.065
44278,*,Portage,0.07
44278,*,Summit,0.0675
44280,*,Lorain,0.065
44280,*,Medina,0.0675
44281,*,Medina,0.0675
44281,*,Summit,0.0675
44281,*,Wayne,0.065
44282,,Medina,0.0675
44285,,Portage,0.07
44286,,Summit,0.0675
44287,*,Ashland,0.07
44287,*,Medina,0.0675
44287,*,Wayne,0.065
44288,*,Portage,0.07
44288,*,Trumbull,0.0675
44301,,Summit,0.0675
44302,,Summit,0.0675
44303,,Summit,0.0675
44304,,Summit,0.0675
44305,,Summit,0.0675
44306,,Summit,0.0675
44307,,Summit,0.0675
44308,,Summit,0.0675
44309,,Summit,0.0675
44310,,Summit,0.0675
44311,,Summit,0.0675
44312,*,Portage,0.07
44312,*,Summit,0.0675
44313,,Summit,0.0675
44314,,Summit,0.0675
44315,,Summit,0.0675
44316,,Summit,0.0675
44317,,Summit,0.0675
44319,,Summit,0.0675
44320,,Summit,0.0675
44321,*,Medina,0.0675
44321,*,Summit,0.0675
44325,,Summit,0.0675
44326,,Summit,0.0675
44328,,Summit,0.0675
44333,*,Medina,0.0675
44333,*,Summit,0.0675
44334,,Summit,0.0675
44372,,Summit,0.0675
44396,,Summit,0.0675
44401,,Mahoning,0.075
44402,,Trumbull,0.0675
44403,,Trumbull,0.0675
44404,,Trumbull,0.0675
44405,,Mahoning,0.075
44406,,Mahoning,0.075
44408,*,Columbiana,0.0725
44408,*,Mahoning,0.075
44410,,Trumbull,0.0675
44411,,Portage,0.07
44412,*,Mahoning,0.075
44412,*,Portage,0.07
44413,,Columbiana,0.0725
44415,,Columbiana,0.0725
44416,,Mahoning,0.075
44417,,Trumbull,0.0675
44418,,Trumbull,0.0675
44420,,Trumbull,0.0675
44422,,Mahoning,0.075
44423,,Columbiana,0.0725
44424,,Trumbull,0.0675
44425,*,Mahoning,0.075
44425,*,Trumbull,0.0675
44427,*,Carroll,0.0675
44427,*,Columbiana,0.0725
44428,*,Ashtabula,0.0675
44428,*,Trumbull,0.0675
44429,*,Mahoning,0.075
44429,*,Portage,0.07
44429,*,Trumbull,0.0675
44430,,Trumbull,0.0675
44431,,Columbiana,0.0725
44432,,Columbiana,0.0725
44436,,Mahoning,0.075
44437,*,Mahoning,0.075
44437,*,Trumbull,0.0675
44438,,Trumbull,0.0675
44439,,Trumbull,0.0675
44440,*,Mahoning,0.075
44440,*,Trumbull,0.0675
44441,,Columbiana,0.0725
44442,,Mahoning,0.075
44443,*,Columbiana,0.0725
44443,*,Mahoning,0.075
44444,*,Mahoning,0.075
44444,*,Portage,0.07
44444,*,Trumbull,0.0675
44445,,Columbiana,0.0725
44446,,Trumbull,0.0675
44449,*,Mahoning,0.075
44449,*,Portage,0.07
44450,,Trumbull,0.0675
44451,,Mahoning,0.075
44452,,Mahoning,0.075
44453,,Trumbull,0.0675
44454,*,Columbiana,0.0725
44454,*,Mahoning,0.075
44455,,Columbiana,0.0725
44460,*,Columbiana,0.0725
44460,*,Mahoning,0.075
44470,*,Portage,0.07
44470,*,Trumbull,0.0675
44471,,Mahoning,0.075
44473,,Trumbull,0.0675
44481,*,Mahoning,0.075
44481,*,Trumbull,0.0675
44482,,Trumbull,0.0675
44483,,Trumbull,0.0675
44484,,Trumbull,0.0675
44485,,Trumbull,0.0675
44490,*,Columbiana,0.0725
44490,*,Mahoning,0.075
44491,*,Geauga,0.0675
44491,*,Portage,0.07
44491,*,Trumbull,0.0675
44492,,Columbiana,0.0725
44493,,Columbiana,0.0725
44501,,Mahoning,0.075
44502,,Mahoning,0.075
44503,,Mahoning,0.075
44504,*,Mahoning,0.075
44504,*,Trumbull,0.0675
44505,*,Mahoning,0.075
44505,*,Trumbull,0.0675
44506,,Mahoning,0.075
44507,,Mahoning,0.075
44509,,Mahoning,0.075
44510,,Mahoning,0.075
44511,,Mahoning,0.075
44512,,Mahoning,0.075
44513,,Mahoning,0.075
44514,,Mahoning,0.075
44515,,Mahoning,0.075
44555,,Mahoning,0.075
44601,*,Columbiana,0.0725
44601,*,Mahoning,0.075
44601,*,Portage,0.07
44601,*,Stark,0.065
44606,,Wayne,0.065
44607,,Carroll,0.0675
44608,*,Stark,0.065
44608,*,Tuscarawas,0.0675
44609,*,Columbiana,0.0725
44609,*,Mahoning,0.075
44610,,Holmes,0.07
44611,*,Holmes,0.07
44611,*,Wayne,0.065
44612,*,Stark,0.065
44612,*,Tuscarawas,0.0675
44613,,Stark,0.065
44614,*,Stark,0.065
44614,*,Summit,0.0675
44614,*,Wayne,0.065
44615,,Carroll,0.0675
44617,,Holmes,0.07
44618,*,Stark,0.065
44618,*,Wayne,0.065
44619,*,Columbiana,0.0725
44619,*,Mahoning,0.075
44620,,Carroll,0.0675
44621,*,Carroll,0.0675
44621,*,Harrison,0.0725
44621,*,Tuscarawas,0.0675
44622,,Tuscarawas,0.0675
44624,*,Holmes,0.07
44624,*,Stark,0.065
44624,*,Tuscarawas,0.0675
44624,*,Wayne,0.065
44625,*,Carroll,0.0675
44625,*,Columbiana,0.0725
44626,*,Stark,0.065
44626,*,Tuscarawas,0.0675
44627,*,Holmes,0.07
44627,*,Wayne,0.065
44628,*,Holmes,0.07
44628,*,Knox,0.0725
44629,,Tuscarawas,0.0675
44630,,Stark,0.065
44632,*,Portage,0.07
44632,*,Stark,0.065
44633,,Holmes,0.07
44634,*,Columbiana,0.0725
44634,*,Stark,0.065
44636,,Wayne,0.065
44637,*,Coshocton,0.0775
44637,*,Holmes,0.07
44638,*,Ashland,0.07
44638,*,Holmes,0.07
44638,*,Wayne,0.065
44639,,Carroll,0.0675
44640,,Stark,0.065
44641,,Stark,0.065
44643,*,Carroll,0.0675
44643,*,Stark,0.065
44643,*,Tuscarawas,0.0675
44644,,Carroll,0.0675
44645,*,Stark,0.065
44645,*,Summit,0.0675
44645,*,Wayne,0.065
44646,,Stark,0.065
44647,,Stark,0.065
44648,,Stark,0.065
44650,,Stark,0.065
44651,,Carroll,0.0675
44652,,Stark,0.065
44653,,Tuscarawas,0.0675
44654,*,Coshocton,0.0775
44654,*,Holmes,0.07
44656,*,Carroll,0.0675
44656,*,Tuscarawas,0.0675
44657,*,Carroll,0.0675
44657,*,Columbiana,0.0725
44657,*,Stark,0.065
44659,,Wayne,0.065
44660,,Holmes,0.07
44661,,Holmes,0.07
44662,*,Stark,0.065
44662,*,Wayne,0.065
44663,,Tuscarawas,0.0675
44665,,Columbiana,0.0725
44666,*,Stark,0.065
44666,*,Wayne,0.065
44667,,Wayne,0.065
44669,,Stark,0.065
44670,,Stark,0.065
44671,,Tuscarawas,0.0675
44672,,Mahoning,0.075
44675,*,Carroll,0.0675
44675,*,Tuscarawas,0.0675
44676,*,Holmes,0.07
44676,*,Wayne,0.065
44677,,Wayne,0.065
44678,,Tuscarawas,0.0675
44679,,Tuscarawas,0.0675
44680,*,Stark,0.065
44680,*,Tuscarawas,0.0675
44681,*,Holmes,0.07
44681,*,Tuscarawas,0.0675
44682,,Tuscarawas,0.0675
44683,*,Harrison,0.0725
44683,*,Tuscarawas,0.0675
44685,*,Stark,0.065
44685,*,Summit,0.0675
44687,,Holmes,0.07
44688,*,Carroll,0.0675
44688,*,Stark,0.065
44689,*,Holmes,0.07
44689,*,Stark,0.065
44690,,Holmes,0.07
44691,*,Ashland,0.07
44691,*,Wayne,0.065
44693,,Harrison,0.0725
44695,*,Carroll,0.0675
44695,*,Harrison,0.0725
44697,,Tuscarawas,0.0675
44699,*,Guernsey,0.0725
44699,*,Harrison,0.0725
44699,*,Tuscarawas,0.0675
44701,,Stark,0.065
44702,,Stark,0.065
44703,,Stark,0.065
44704,,Stark,0.065
44705,,Stark,0.065
44706,,Stark,0.065
44707,,Stark,0.065
44708,,Stark,0.065
44709,,Stark,0.065
44710,,Stark,0.065
44711,,Stark,0.065
44714,,Stark,0.065
44718,,Stark,0.065
44720,*,Stark,0.065
44720,*,Summit,0.0675
44721,,Stark,0.065
44730,*,Carroll,0.0675
44730,*,Stark,0.065
44735,,Stark,0.065
44750,,Stark,0.065
44767,,Stark,0.065
44802,*,Hancock,0.0675
44802,*,Seneca,0.0725
44802,*,Wyandot,0.0725
44804,,Hancock,0.0675
44805,*,Ashland,0.07
44805,*,Richland,0.07
44807,*,Crawford,0.0725
44807,*,Huron,0.0725
44807,*,Seneca,0.0725
44809,,Seneca,0.0725
44811,*,Erie,0.0675
44811,*,Huron,0.0725
44811,*,Sandusky,0.0725
44811,*,Seneca,0.0725
44813,*,Knox,0.0725
44813,*,Morrow,0.0725
44813,*,Richland,0.07
44814,,Erie,0.0675
44815,*,Sandusky,0.0725
44815,*,Seneca,0.0725
44816,,Erie,0.0675
44817,*,Hancock,0.0675
44817,*,Wood,0.0675
44818,*,Crawford,0.0725
44818,*,Seneca,0.0725
44820,,Crawford,0.0725
44822,*,Ashland,0.07
44822,*,Knox,0.0725
44822,*,Richland,0.07
44824,*,Erie,0.0675
44824,*,Sandusky,0.0725
44825,,Crawford,0.0725
44826,*,Erie,0.0675
44826,*,Huron,0.0725
44827,*,Crawford,0.0725
44827,*,Richland,0.07
44828,,Seneca,0.0725
44830,*,Hancock,0.0675
44830,*,Seneca,0.0725
44830,*,Wood,0.0675
44833,*,Crawford,0.0725
44833,*,Marion,0.0725
44833,*,Morrow,0.0725
44833,*,Richland,0.07
44836,*,Sandusky,0.0725
44836,*,Seneca,0.0725
44837,*,Ashland,0.07
44837,*,Huron,0.0725
44837,*,Richland,0.07
44838,,Ashland,0.07
44839,,Erie,0.0675
44840,*,Ashland,0.07
44840,*,Wayne,0.065
44841,*,Sandusky,0.0725
44841,*,Seneca,0.0725
44842,*,Ashland,0.07
44842,*,Holmes,0.07
44842,*,Knox,0.0725
44843,*,Ashland,0.07
44843,*,Richland,0.07
44844,*,Seneca,0.0725
44844,*,Wyandot,0.0725
44846,*,Erie,0.0675
44846,*,Huron,0.0725
44847,*,Erie,0.0675
44847,*,Huron,0.0725
44848,,Ashland,0.07
44849,*,Crawford,0.0725
44849,*,Marion,0.0725
44849,*,Wyandot,0.0725
44850,,Huron,0.0725
44851,*,Ashland,0.07
44851,*,Huron,0.0725
44851,*,Lorain,0.065
44853,,Seneca,0.0725
44854,*,Crawford,0.0725
44854,*,Seneca,0.0725
44855,,Huron,0.0725
44856,,Crawford,0.0725
44857,*,Erie,0.0675
44857,*,Huron,0.0725
44859,*,Ashland,0.07
44859,*,Lorain,0.065
44860,,Crawford,0.0725
44861,,Seneca,0.0725
44862,,Richland,0.07
44864,*,Ashland,0.07
44864,*,Richland,0.07
44865,*,Crawford,0.0725
44865,*,Huron,0.0725
44865,*,Richland,0.07
44866,,Ashland,0.07
44867,,Seneca,0.0725
44870,,Erie,0.0675
44871,,Erie,0.0675
44874,,Ashland,0.07
44875,*,Crawford,0.0725
44875,*,Richland,0.07
44878,*,Ashland,0.07
44878,*,Huron,0.0725
44878,*,Richland,0.07
44880,*,Ashland,0.07
44880,*,Lorain,0.065
44880,*,Medina,0.0675
44881,,Crawford,0.0725
44882,*,Crawford,0.0725
44882,*,Seneca,0.0725
44882,*,Wyandot,0.0725
44883,,Seneca,0.0725
44887,,Crawford,0.0725
44888,,Huron,0.0725
44889,*,Erie,0.0675
44889,*,Huron,0.0725
44889,*,Lorain,0.065
44890,,Huron,0.0725
44901,,Richland,0.07
44902,,Richland,0.07
44903,*,Ashland,0.07
44903,*,Morrow,0.0725
44903,*,Richland,0.07
44904,*,Morrow,0.0725
44904,*,Richland,0.07
44905,,Richland,0.07
44906,,Richland,0.07
44907,,Richland,0.07
45001,,Hamilton,0.078
45002,,Hamilton,0.078
45003,*,Butler,0.065
45003,*,Preble,0.0725
45004,,Butler,0.065
45005,*,Butler,0.065
45005,*,Montgomery,0.075
45005,*,Warren,0.0675
45011,,Butler,0.065
45012,,Butler,0.065
45013,*,Butler,0.065
45013,*,Hamilton,0.078
45014,*,Butler,0.065
45014,*,Hamilton,0.078
45015,,Butler,0.065
45018,,Butler,0.065
45030,*,Butler,0.065
45030,*,Hamilton,0.078
45032,,Warren,0.0675
45033,,Hamilton,0.078
45034,,Warren,0.0675
45036,*,Butler,0.065
45036,*,Warren,0.0675
45039,,Warren,0.0675
45040,,Warren,0.0675
45041,,Hamilton,0.078
45042,*,Butler,0.065
45042,*,Montgomery,0.075
45042,*,Preble,0.0725
45042,*,Warren,0.0675
45044,*,Butler,0.065
45044,*,Warren,0.0675
45050,*,Butler,0.065
45050,*,Warren,0.0675
45051,,Hamilton,0.078
45052,,Hamilton,0.078
45053,,Butler,0.065
45054,,Warren,0.0675
45055,,Butler,0.065
45056,*,Butler,0.065
45056,*,Preble,0.0725
45061,,Butler,0.065
45062,,Butler,0.065
45063,,Butler,0.065
45064,*,Butler,0.065
45064,*,Preble,0.0725
45065,,Warren,0.0675
45066,*,Montgomery,0.075
45066,*,Warren,0.0675
45067,,Butler,0.065
45068,*,Clinton,0.0725
45068,*,Greene,0.0675
45068,*,Montgomery,0.075
45068,*,Warren,0.0675
45069,*,Butler,0.065
45069,*,Hamilton,0.078
45070,,Preble,0.0725
45071,,Butler,0.065
45101,*,Adams,0.0725
45101,*,Brown,0.07
45102,,Clermont,0.0675
45103,,Clermont,0.0675
45105,,Adams,0.0725
45106,*,Brown,0.07
45106,*,Clermont,0.0675
45107,*,Brown,0.07
45107,*,Clermont,0.0675
45107,*,Clinton,0.0725
45107,*,Warren,0.0675
45111,,Hamilton,0.078
45112,,Clermont,0.0675
45113,*,Clinton,0.0725
45113,*,Warren,0.0675
45114,,Clinton,0.0725
45115,,Brown,0.07
45118,*,Brown,0.07
45118,*,Clermont,0.0675
45118,*,Highland,0.0725
45119,,Brown,0.07
45120,*,Brown,0.07
45120,*,Clermont,0.0675
45121,*,Brown,0.07
45121,*,Clermont,0.0675
45122,*,Clermont,0.0675
45122,*,Warren,0.0675
45123,*,Fayette,0.0725
45123,*,Highland,0.0725
45123,*,Ross,0.0725
45130,*,Brown,0.07
45130,*,Clermont,0.0675
45131,,Brown,0.07
45132,,Highland,0.0725
45133,*,Brown,0.07
45133,*,Highland,0.0725
45133,*,Pike,0.0725
45135,*,Clinton,0.0725
45135,*,Fayette,0.0725
45135,*,Highland,0.0725
45140,*,Clermont,0.0675
45140,*,Hamilton,0.078
45140,*,Warren,0.0675
45142,*,Brown,0.07
45142,*,Clinton,0.0725
45142,*,Highland,0.0725
45144,*,Adams,0.0725
45144,*,Brown,0.07
45146,,Clinton,0.0725
45147,,Clermont,0.0675
45148,*,Brown,0.07
45148,*,Clinton,0.0725
45150,*,Clermont,0.0675
45150,*,Hamilton,0.078
45152,,Warren,0.0675
45153,,Clermont,0.0675
45154,*,Brown,0.07
45154,*,Highland,0.0725
45155,,Highland,0.0725
45156,,Clermont,0.0675
45157,,Clermont,0.0675
45158,,Clermont,0.0675
45159,*,Clinton,0.0725
45159,*,Highland,0.0725
45160,,Clermont,0.0675
45162,*,Clermont,0.0675
45162,*,Warren,0.0675
45164,,Clinton,0.0725
45166,,Clinton,0.0725
45167,,Brown,0.07
45168,,Brown,0.07
45169,*,Clinton,0.0725
45169,*,Fayette,0.0725
45169,*,Greene,0.0675
45171,*,Brown,0.07
45171,*,Highland,0.0725
45172,,Highland,0.0725
45174,,Hamilton,0.078
45176,*,Brown,0.07
45176,*,Clermont,0.0675
45177,,Clinton,0.0725
45201,,Hamilton,0.078
45202,,Hamilton,0.078
45203,,Hamilton,0.078
45204,,Hamilton,0.078
45205,,Hamilton,0.078
45206,,Hamilton,0.078
45207,,Hamilton,0.078
45208,,Hamilton,0.078
45209,,Hamilton,0.078
45211,,Hamilton,0.078
45212,*,Hamilton,0.078
45212,*,Warren,0.0675
45213,,Hamilton,0.078
45214,,Hamilton,0.078
45215,,Hamilton,0.078
45216,,Hamilton,0.078
45217,,Hamilton,0.078
45218,,Hamilton,0.078
45219,,Hamilton,0.078
45220,*,Clermont,0.0675
45220,*,Hamilton,0.078
45221,,Hamilton,0.078
45222,,Hamilton,0.078
45223,,Hamilton,0.078
45224,,Hamilton,0.078
45225,,Hamilton,0.078
45226,,Hamilton,0.078
45227,,Hamilton,0.078
45229,,Hamilton,0.078
45230,,Hamilton,0.078
45231,,Hamilton,0.078
45232,,Hamilton,0.078
45233,,Hamilton,0.078
45234,,Hamilton,0.078
45235,,Hamilton,0.078
45236,,Hamilton,0.078
45237,,Hamilton,0.078
45238,,Hamilton,0.078
45239,,Hamilton,0.078
45240,*,Butler,0.065
45240,*,Hamilton,0.078
45241,*,Butler,0.065
45241,*,Hamilton,0.078
45241,*,Warren,0.0675
45242,,Hamilton,0.078
45243,*,Clermont,0.0675
45243,*,Hamilton,0.078
45244,*,Clermont,0.0675
45244,*,Hamilton,0.078
45245,,Clermont,0.0675
45246,*,Butler,0.065
45246,*,Hamilton,0.078
45247,,Hamilton,0.078
45248,,Hamilton,0.078
45249,*,Butler,0.065
45249,*,Hamilton,0.078
45249,*,Warren,0.0675
45250,,Hamilton,0.078
45251,*,Butler,0.065
45251,*,Hamilton,0.078
45252,,Hamilton,0.078
45253,,Hamilton,0.078
45254,,Hamilton,0.078
45255,*,Clermont,0.0675
45255,*,Hamilton,0.078
45258,,Hamilton,0.078
45262,,Hamilton,0.078
45263,,Hamilton,0.078
45264,,Hamilton,0.078
45267,,Hamilton,0.078
45268,,Hamilton,0.078
45269,,Hamilton,0.078
45270,,Hamilton,0.078
45271,,Hamilton,0.078
45274,,Hamilton,0.078
45277,,Hamilton,0.078
45280,,Hamilton,0.078
45296,,Hamilton,0.078
45298,,Hamilton,0.078
45299,,Hamilton,0.078
45301,,Greene,0.0675
45302,,Shelby,0.0725
45303,,Darke,0.0725
45304,*,Darke,0.0725
45304,*,Miami,0.07
45304,*,Preble,0.0725
45305,,Greene,0.0675
45306,*,Auglaize,0.0725
45306,*,Shelby,0.0725
45307,,Greene,0.0675
45308,*,Darke,0.0725
45308,*,Miami,0.07
45309,*,Darke,0.0725
45309,*,Miami,0.07
45309,*,Montgomery,0.075
45309,*,Preble,0.0725
45310,*,Darke,0.0725
45310,*,Mercer,0.0725
45311,,Preble,0.0725
45312,*,Champaign,0.0725
45312,*,Miami,0.07
45314,*,Clark,0.0725
45314,*,Greene,0.0675
45315,,Montgomery,0.075
45316,*,Clark,0.0725
45316,*,Greene,0.0675
45317,*,Champaign,0.0725
45317,*,Miami,0.07
45317,*,Shelby,0.0725
45318,*,Darke,0.0725
45318,*,Miami,0.07
45318,*,Shelby,0.0725
45319,,Clark,0.0725
45320,,Preble,0.0725
45321,,Preble,0.0725
45322,*,Miami,0.07
45322,*,Montgomery,0.075
45323,,Clark,0.0725
45324,*,Clark,0.0725
45324,*,Greene,0.0675
45325,*,Montgomery,0.075
45325,*,Preble,0.0725
45326,*,Miami,0.07
45326,*,Shelby,0.0725
45327,*,Butler,0.065
45327,*,Montgomery,0.075
45327,*,Preble,0.0725
45327,*,Warren,0.0675
45328,,Darke,0.0725
45330,,Preble,0.0725
45331,,Darke,0.0725
45332,,Darke,0.0725
45333,,Shelby,0.0725
45334,*,Auglaize,0.0725
45334,*,Logan,0.0725
45334,*,Shelby,0.0725
45335,*,Clinton,0.0725
45335,*,Fayette,0.0725
45335,*,Greene,0.0675
45336,,Shelby,0.0725
45337,*,Darke,0.0725
45337,*,Miami,0.07
45338,*,Darke,0.0725
45338,*,Montgomery,0.075
45338,*,Preble,0.0725
45339,,Miami,0.07
45340,,Shelby,0.0725
45341,*,Clark,0.0725
45341,*,Greene,0.0675
45342,*,Montgomery,0.075
45342,*,Warren,0.0675
45343,,Montgomery,0.075
45344,*,Champaign,0.0725
45344,*,Clark,0.0725
45344,*,Miami,0.07
45344,*,Montgomery,0.075
45345,,Montgomery,0.075
45346,,Darke,0.0725
45347,*,Darke,0.0725
45347,*,Preble,0.0725
45348,,Darke,0.0725
45349,,Clark,0.0725
45350,,Darke,0.0725
45351,,Darke,0.0725
45352,,Darke,0.0725
45353,,Shelby,0.0725
45354,,Montgomery,0.075
45356,*,Miami,0.07
45356,*,Shelby,0.0725
45358,,Darke,0.0725
45359,,Miami,0.07
45360,,Shelby,0.0725
45361,,Miami,0.07
45362,,Darke,0.0725
45363,*,Darke,0.0725
45363,*,Shelby,0.0725
45365,*,Champaign,0.0725
45365,*,Logan,0.0725
45365,*,Miami,0.07
45365,*,Shelby,0.0725
45367,,Shelby,0.0725
45368,*,Clark,0.0725
45368,*,Greene,0.0675
45369,*,Clark,0.0725
45369,*,Madison,0.07
45370,,Greene,0.0675
45371,*,Miami,0.07
45371,*,Montgomery,0.075
45372,,Clark,0.0725
45373,,Miami,0.07
45374,,Miami,0.07
45377,*,Miami,0.07
45377,*,Montgomery,0.075
45378,*,Montgomery,0.075
45378,*,Preble,0.0725
45380,*,Darke,0.0725
45380,*,Shelby,0.0725
45381,*,Montgomery,0.075
45381,*,Preble,0.0725
45382,*,Darke,0.0725
45382,*,Preble,0.0725
45383,*,Darke,0.0725
45383,*,Miami,0.07
45384,,Greene,0.0675
45385,*,Clinton,0.0725
45385,*,Greene,0.0675
45387,*,Clark,0.0725
45387,*,Greene,0.0675
45388,*,Darke,0.0725
45388,*,Mercer,0.0725
45388,*,Shelby,0.0725
45389,,Champaign,0.0725
45390,,Darke,0.0725
45401,,Montgomery,0.075
45402,,Montgomery,0.075
45403,,Montgomery,0.075
45404,,Montgomery,0.075
45405,,Montgomery,0.075
45406,*,Greene,0.0675
45406,*,Montgomery,0.075
45409,,Montgomery,0.075
45410,,Montgomery,0.075
45412,,Montgomery,0.075
45413,,Montgomery,0.075
45414,,Montgomery,0.075
45415,,Montgomery,0.075
45416,,Montgomery,0.075
45417,,Montgomery,0.075
45419,,Montgomery,0.075
45420,,Montgomery,0.075
45422,,Montgomery,0.075
45423,,Montgomery,0.075
45424,*,Greene,0.0675
45424,*,Miami,0.07
45424,*,Montgomery,0.075
45426,,Montgomery,0.075
45428,,Montgomery,0.075
45429,,Montgomery,0.075
45430,*,Greene,0.0675
45430,*,Montgomery,0.075
45431,*,Greene,0.0675
45431,*,Montgomery,0.075
45432,*,Greene,0.0675
45432,*,Montgomery,0.075
45433,*,Greene,0.0675
45433,*,Montgomery,0.075
45434,*,Greene,0.0675
45434,*,Montgomery,0.075
45435,,Greene,0.0675
45437,,Montgomery,0.075
45439,,Montgomery,0.075
45440,*,Greene,0.0675
45440,*,Montgomery,0.075
45441,,Montgomery,0.075
45448,,Montgomery,0.075
45449,,Montgomery,0.075
45458,*,Greene,0.0675
45458,*,Montgomery,0.075
45458,*,Warren,0.0675
45459,*,Greene,0.0675
45459,*,Montgomery,0.075
45469,,Montgomery,0.075
45470,,Montgomery,0.075
45475,,Montgomery,0.075
45481,*,Greene,0.0675
45481,*,Montgomery,0.075
45490,,Montgomery,0.075
45501,,Clark,0.0725
45502,*,Champaign,0.0725
45502,*,Clark,0.0725
45503,,Clark,0.0725
45504,,Clark,0.0725
45505,,Clark,0.0725
45506,,Clark,0.0725
45601,*,Jackson,0.0725
45601,*,Pike,0.0725
45601,*,Ross,0.0725
45612,*,Highland,0.0725
45612,*,Pike,0.0725
45612,*,Ross,0.0725
45613,*,Jackson,0.0725
45613,*,Pike,0.0725
45613,*,Scioto,0.0725
45614,*,Gallia,0.0725
45614,*,Meigs,0.0725
45616,*,Adams,0.0725
45616,*,Scioto,0.0725
45617,,Ross,0.0725
45618,,Adams,0.0725
45619,,Lawrence,0.0725
45620,*,Gallia,0.0725
45620,*,Meigs,0.0725
45621,,Jackson,0.0725
45622,*,Hocking,0.0725
45622,*,Vinton,0.0725
45623,*,Gallia,0.0725
45623,*,Lawrence,0.0725
45624,,Pike,0.0725
45628,,Ross,0.0725
45629,*,Lawrence,0.0725
45629,*,Scioto,0.0725
45630,,Scioto,0.0725
45631,,Gallia,0.0725
45633,,Ross,0.0725
45634,,Vinton,0.0725
45636,,Scioto,0.0725
45638,*,Lawrence,0.0725
45638,*,Scioto,0.0725
45640,*,Jackson,0.0725
45640,*,Scioto,0.0725
45642,,Pike,0.0725
45643,,Gallia,0.0725
45644,*,Pickaway,0.0725
45644,*,Ross,0.0725
45645,,Lawrence,0.0725
45646,,Pike,0.0725
45647,*,Ross,0.0725
45647,*,Vinton,0.0725
45648,*,Pike,0.0725
45648,*,Scioto,0.0725
45650,,Adams,0.0725
45651,,Vinton,0.0725
45652,,Scioto,0.0725
45653,,Scioto,0.0725
45654,*,Hocking,0.0725
45654,*,Vinton,0.0725
45656,*,Gallia,0.0725
45656,*,Jackson,0.0725
45656,*,Lawrence,0.0725
45656,*,Scioto,0.0725
45657,*,Adams,0.0725
45657,*,Pike,0.0725
45657,*,Scioto,0.0725
45658,,Gallia,0.0725
45659,*,Lawrence,0.0725
45659,*,Scioto,0.0725
45660,*,Adams,0.0725
45660,*,Highland,0.0725
45660,*,Pike,0.0725
45660,*,Scioto,0.0725
45661,,Pike,0.0725
45662,,Scioto,0.0725
45663,,Scioto,0.0725
45669,,Lawrence,0.0725
45671,*,Adams,0.0725
45671,*,Pike,0.0725
45671,*,Scioto,0.0725
45672,*,Jackson,0.0725
45672,*,Ross,0.0725
45672,*,Vinton,0.0725
45673,,Ross,0.0725
45674,,Gallia,0.0725
45675,,Lawrence,0.0725
45677,,Scioto,0.0725
45678,*,Gallia,0.0725
45678,*,Lawrence,0.0725
45679,*,Adams,0.0725
45679,*,Highland,0.0725
45680,,Lawrence,0.0725
45681,,Ross,0.0725
45682,*,Lawrence,0.0725
45682,*,Scioto,0.0725
45683,,Pike,0.0725
45684,*,Adams,0.0725
45684,*,Scioto,0.0725
45685,*,Gallia,0.0725
45685,*,Jackson,0.0725
45686,*,Gallia,0.0725
45686,*,Jackson,0.0725
45686,*,Meigs,0.0725
45686,*,Vinton,0.0725
45687,,Pike,0.0725
45688,*,Gallia,0.0725
45688,*,Lawrence,0.0725
45690,*,Pike,0.0725
45690,*,Ross,0.0725
45692,*,Jackson,0.0725
45692,*,Vinton,0.0725
45693,,Adams,0.0725
45694,,Scioto,0.0725
45695,,Vinton,0.0725
45696,,Lawrence,0.0725
45697,*,Adams,0.0725
45697,*,Brown,0.07
45697,*,Highland,0.0725
45698,,Vinton,0.0725
45699,,Scioto,0.0725
45701,,Athens,0.0725
45710,*,Athens,0.0725
45710,*,Meigs,0.0725
45710,*,Vinton,0.0725
45711,*,Athens,0.0725
45711,*,Morgan,0.0725
45711,*,Washington,0.0725
45712,,Washington,0.0725
45713,,Washington,0.0725
45714,,Washington,0.0725
45715,*,Morgan,0.0725
45715,*,Noble,0.0725
45715,*,Washington,0.0725
45716,,Athens,0.0725
45719,,Athens,0.0725
45720,,Meigs,0.0725
45721,,Washington,0.0725
45723,*,Athens,0.0725
45723,*,Meigs,0.0725
45723,*,Washington,0.0725
45724,*,Athens,0.0725
45724,*,Washington,0.0725
45727,*,Noble,0.0725
45727,*,Washington,0.0725
45729,,Washington,0.0725
45732,*,Athens,0.0725
45732,*,Hocking,0.0725
45732,*,Morgan,0.0725
45732,*,Perry,0.0725
45734,*,Monroe,0.0725
45734,*,Washington,0.0725
45735,*,Athens,0.0725
45735,*,Meigs,0.0725
45739,,Athens,0.0725
45740,,Athens,0.0725
45741,*,Meigs,0.0725
45741,*,Vinton,0.0725
45742,*,Athens,0.0725
45742,*,Washington,0.0725
45743,,Meigs,0.0725
45744,*,Morgan,0.0725
45744,*,Noble,0.0725
45744,*,Washington,0.0725
45745,*,Monroe,0.0725
45745,*,Noble,0.0725
45745,*,Washington,0.0725
45746,*,Noble,0.0725
45746,*,Washington,0.0725
45750,,Washington,0.0725
45760,*,Gallia,0.0725
45760,*,Meigs,0.0725
45761,,Athens,0.0725
45764,*,Athens,0.0725
45764,*,Hocking,0.0725
45766,*,Athens,0.0725
45766,*,Vinton,0.0725
45767,*,Monroe,0.0725
45767,*,Washington,0.0725
45768,,Washington,0.0725
45769,,Meigs,0.0725
45770,,Meigs,0.0725
45771,,Meigs,0.0725
45772,,Meigs,0.0725
45773,,Washington,0.0725
45775,,Meigs,0.0725
45776,*,Athens,0.0725
45776,*,Meigs,0.0725
45777,,Athens,0.0725
45778,,Athens,0.0725
45779,,Meigs,0.0725
45780,,Athens,0.0725
45782,,Athens,0.0725
45783,,Meigs,0.0725
45784,,Washington,0.0725
45786,*,Morgan,0.0725
45786,*,Washington,0.0725
45787,,Washington,0.0725
45788,,Washington,0.0725
45789,*,Monroe,0.0725
45789,*,Washington,0.0725
45801,,Allen,0.0685
45802,*,Allen,0.0685
45802,*,Auglaize,0.0725
45804,,Allen,0.0685
45805,,Allen,0.0685
45806,*,Allen,0.0685
45806,*,Auglaize,0.0725
45807,*,Allen,0.0685
45807,*,Putnam,0.07
45808,,Allen,0.0685
45809,,Allen,0.0685
45810,*,Allen,0.0685
45810,*,Hancock,0.0675
45810,*,Hardin,0.0725
45812,*,Allen,0.0685
45812,*,Hardin,0.0725
45813,*,Defiance,0.0675
45813,*,Paulding,0.0725
45814,,Hancock,0.0675
45815,,Putnam,0.07
45816,,Hancock,0.0675
45817,*,Allen,0.0685
45817,*,Hancock,0.0675
45817,*,Putnam,0.07
45819,,Auglaize,0.0725
45820,,Allen,0.0685
45821,*,Defiance,0.0675
45821,*,Paulding,0.0725
45822,*,Auglaize,0.0725
45822,*,Mercer,0.0725
45826,,Mercer,0.0725
45827,*,Paulding,0.0725
45827,*,Putnam,0.07
45827,*,Van Wert,0.0725
45828,,Mercer,0.0725
45830,*,Allen,0.0685
45830,*,Putnam,0.07
45831,*,Defiance,0.0675
45831,*,Henry,0.0725
45831,*,Paulding,0.0725
45831,*,Putnam,0.07
45832,*,Paulding,0.0725
45832,*,Van Wert,0.0725
45833,*,Allen,0.0685
45833,*,Putnam,0.07
45833,*,Van Wert,0.0725
45835,,Hardin,0.0725
45836,*,Hancock,0.0675
45836,*,Hardin,0.0725
45837,,Putnam,0.07
45838,,Van Wert,0.0725
45839,,Hancock,0.0675
45840,,Hancock,0.0675
45841,,Hancock,0.0675
45843,*,Hancock,0.0675
45843,*,Hardin,0.0725
45843,*,Marion,0.0725
45843,*,Wyandot,0.0725
45844,*,Allen,0.0685
45844,*,Putnam,0.07
45844,*,Van Wert,0.0725
45845,*,Auglaize,0.0725
45845,*,Darke,0.0725
45845,*,Mercer,0.0725
45845,*,Shelby,0.0725
45846,*,Darke,0.0725
45846,*,Mercer,0.0725
45848,,Putnam,0.07
45849,*,Paulding,0.0725
45849,*,Putnam,0.07
45849,*,Van Wert,0.0725
45850,*,Allen,0.0685
45850,*,Auglaize,0.0725
45850,*,Hardin,0.0725
45851,,Paulding,0.0725
45853,,Putnam,0.07
45854,,Allen,0.0685
45855,,Paulding,0.0725
45856,*,Hancock,0.0675
45856,*,Henry,0.0725
45856,*,Putnam,0.07
45858,,Hancock,0.0675
45859,,Hardin,0.0725
45860,*,Darke,0.0725
45860,*,Mercer,0.0725
45861,,Paulding,0.0725
45862,*,Auglaize,0.0725
45862,*,Mercer,0.0725
45863,,Van Wert,0.0725
45864,,Putnam,0.07
45865,*,Auglaize,0.0725
45865,*,Shelby,0.0725
45866,,Mercer,0.0725
45867,*,Hancock,0.0675
45867,*,Wyandot,0.0725
45868,*,Hancock,0.0675
45868,*,Putnam,0.07
45869,*,Auglaize,0.0725
45869,*,Mercer,0.0725
45869,*,Shelby,0.0725
45870,,Auglaize,0.0725
45871,*,Auglaize,0.0725
45871,*,Shelby,0.0725
45872,*,Hancock,0.0675
45872,*,Wood,0.0675
45873,*,Paulding,0.0725
45873,*,Putnam,0.07
45874,,Van Wert,0.0725
45875,*,Hancock,0.0675
45875,*,Putnam,0.07
45876,,Putnam,0.07
45877,*,Allen,0.0685
45877,*,Hancock,0.0675
45877,*,Putnam,0.07
45879,,Paulding,0.0725
45880,*,Defiance,0.0675
45880,*,Paulding,0.0725
45881,,Hancock,0.0675
45882,*,Mercer,0.0725
45882,*,Van Wert,0.0725
45883,*,Darke,0.0725
45883,*,Mercer,0.0725
45884,,Auglaize,0.0725
45885,*,Auglaize,0.0725
45885,*,Mercer,0.0725
45886,*,Paulding,0.0725
45886,*,Van Wert,0.0725
45887,*,Allen,0.0685
45887,*,Auglaize,0.0725
45887,*,Mercer,0.0725
45887,*,Van Wert,0.0725
45888,,Auglaize,0.0725
45889,*,Hancock,0.0675
45889,*,Wood,0.0675
45890,,Hancock,0.0675
45891,,Van Wert,0.0725
45893,,Putnam,0.07
45894,*,Allen,0.0685
45894,*,Mercer,0.0725
45894,*,Van Wert,0.0725
45895,*,Allen,0.0685
45895,*,Auglaize,0.0725
45895,*,Logan,0.0725
45895,*,Shelby,0.0725
45896,*,Allen,0.0685
45896,*,Auglaize,0.0725
45896,*,Hardin,0.0725
45897,,Hancock,0.0675
45898,*,Mercer,0.0725
45898,*,Van Wert,0.0725
45899,,Van Wert,0.0725
